LTarun,ASU
ASU,ASUPhysics
ASU,ASU_FYS
ASU,apierno
ASU,heararizona
ASU,HawaiiCoral_Org
ASU,nrtasu
ASU,ASUCUbiC
ASU,ASU_GDCS
ASU,AsuResilience
ASU,TVProdLab
ASU,DARPA
ASU,ASUEmbeddedness
ASU,asuglobalfuture
ASU,SybilFrancisCFA
ASU,levgonick
ASU,deancallahan
ASU,JudithKarshmer
ASU,MayorGallego
ASU,switbd
ASU,NESunDevils
LTarun,JohnLegere
JohnLegere,McKaylaMaroney
JohnLegere,wearegalantis
JohnLegere,mackenziebezos
JohnLegere,weareseaforth
JohnLegere,brandonlay
JohnLegere,AustinJenckes
JohnLegere,rossellismusic
JohnLegere,LJMoynihan
JohnLegere,TMobileIR
JohnLegere,CGasparino
JohnLegere,TVision
JohnLegere,MimiJungKING5
JohnLegere,AudienseCo
JohnLegere,auctnr1
JohnLegere,laurahernandezp
JohnLegere,NYXL
JohnLegere,souljaboy
JohnLegere,amyklobuchar
JohnLegere,mikewardian
JohnLegere,PostMalone
LTarun,paulocoelho
paulocoelho,torturra
paulocoelho,patriciapillar
paulocoelho,jovensreacinhas
paulocoelho,TOLDart
paulocoelho,nikosaliagas
paulocoelho,blogdopannunzio
paulocoelho,emirsader
paulocoelho,henrybugalho
paulocoelho,Crazyinnasia
paulocoelho,Debora_D_Diniz
paulocoelho,PatoCorporation
paulocoelho,delucca
paulocoelho,FabioPorchat
paulocoelho,palas_athenada
paulocoelho,Marcelodedois
paulocoelho,ManuelaDavila
paulocoelho,DemocraciaReina
paulocoelho,NPTO
paulocoelho,fpassos1964
paulocoelho,brunnosarttori
LTarun,AWS_edu
AWS_edu,mandsconsulting
AWS_edu,first_wa
AWS_edu,VCCS_SO
AWS_edu,I_Am_NickBailey
AWS_edu,CDWCorp
AWS_edu,legendlearning
AWS_edu,ImmersedGames
AWS_edu,OpptyatWork
AWS_edu,CSforALL
AWS_edu,LancasterUni
AWS_edu,UniversityLeeds
AWS_edu,tribalgroup
AWS_edu,ntuclearninghub
AWS_edu,SETDA
AWS_edu,UniOfYork
AWS_edu,marmionacademy
AWS_edu,wayup
AWS_edu,exploros
AWS_edu,OfficialGlyphEd
AWS_edu,udacity
LTarun,RaoKavitha
RaoKavitha,timesofindia
RaoKavitha,ndtv
RaoKavitha,htTweets
RaoKavitha,the_hindu
RaoKavitha,Outlookindia
RaoKavitha,NITIAayog
RaoKavitha,ajaymaken
RaoKavitha,BBCBreaking
RaoKavitha,sardesairajdeep
RaoKavitha,suhasinih
RaoKavitha,ravishndtv
RaoKavitha,MANJULtoons
RaoKavitha,k_satyarthi
RaoKavitha,EconomicTimes
RaoKavitha,anandmahindra
RaoKavitha,sureshpprabhu
RaoKavitha,soniandtv
RaoKavitha,JM_Scindia
RaoKavitha,Ram_Guha
RaoKavitha,S_MahajanLS
LTarun,isro
isro,PIBHindi
isro,PIB_India
isro,rashtrapatibhvn
isro,narendramodi
isro,MarsWxReport
isro,ESA_de
isro,NASA360
isro,CanberraDSN
isro,PMOIndia
isro,IndiaHistorypic
isro,b0yle
isro,SpaceFrontier
isro,NASASolarSystem
isro,NASA_Lunar
isro,NASAGoddardPix
isro,ESA_History
isro,esaoperations
isro,IndianDiplomacy
isro,Spaceflight101
isro,csa_asc
LTarun,UnboxTherapy
UnboxTherapy,nomadgoods
UnboxTherapy,BrianShenYiRen
UnboxTherapy,Predator_USA
UnboxTherapy,Lilly
UnboxTherapy,Toronto
UnboxTherapy,doinitBIGgio23
UnboxTherapy,yunitogurriel
UnboxTherapy,19boknows
UnboxTherapy,BlueJays
UnboxTherapy,jjvincent
UnboxTherapy,mattdgonzalez
UnboxTherapy,SamMobiles
UnboxTherapy,Frankie_Hobbs
UnboxTherapy,Bitdefender
UnboxTherapy,Fwiz
UnboxTherapy,themusicbed
UnboxTherapy,WixPartners
UnboxTherapy,gbuhnici
UnboxTherapy,GoogleStadia
UnboxTherapy,Daniel_Rubino
LTarun,iamRashmika
iamRashmika,prabhu_sr
iamRashmika,nagashwin7
iamRashmika,SharathWho
iamRashmika,UKinHyderabad
iamRashmika,rama_rajeswari
iamRashmika,nalrag
iamRashmika,Andrew007Uk
iamRashmika,bharatkamma
iamRashmika,crushqueen_fc
iamRashmika,Karthi_Offl
iamRashmika,AnilRavipudi
iamRashmika,Rashmika_f_c
iamRashmika,RashmikaTamilFC
iamRashmika,RashmikaHearts
iamRashmika,alluarjun
iamRashmika,vamsi84
iamRashmika,SitharaEnts
iamRashmika,iamRashmika_FC
iamRashmika,anupamahere
iamRashmika,RamuMalashree
LTarun,SamyukthaHegde
SamyukthaHegde,arjunk26
SamyukthaHegde,SadhguruJV
SamyukthaHegde,ishafoundation
SamyukthaHegde,Suriya_offl
SamyukthaHegde,Pvsindhu1
SamyukthaHegde,VelsFilmIntl
SamyukthaHegde,Richardmnathan
SamyukthaHegde,ayushmannk
SamyukthaHegde,iYogiBabu
SamyukthaHegde,iamactorvarun
SamyukthaHegde,Actorjiiva
SamyukthaHegde,anirudhofficial
SamyukthaHegde,hiphoptamizha
SamyukthaHegde,MsKajalAggarwal
SamyukthaHegde,TheSanjithhegde
SamyukthaHegde,AshikaRanganath
SamyukthaHegde,Asli_Jacqueline
SamyukthaHegde,dulQuer
SamyukthaHegde,VJAnusha
SamyukthaHegde,TheNameIsYash
LTarun,geekyranjit
geekyranjit,MKBHD
geekyranjit,zollotech
geekyranjit,Jon4Lakers
geekyranjit,verified
geekyranjit,TechQuotesDaily
geekyranjit,GoogleIndia
geekyranjit,shilpa_keswani
geekyranjit,satyarags
geekyranjit,YouTubeIndia
geekyranjit,arstechnica
geekyranjit,BGRIndia
geekyranjit,anandtech
geekyranjit,ExtremeTech
geekyranjit,YTAditi
LTarun,larryellison
larryellison,MarkVHurd
larryellison,FSLanai
larryellison,BNPPARIBASOPEN
larryellison,PeninsulaHumane
larryellison,CAWildlife
larryellison,AudreyCavenecia
larryellison,officialdfoster
larryellison,OracleDevs
larryellison,OracleHCM
larryellison,oraclemagazine
larryellison,IslandAirHawaii
larryellison,lanaidff
larryellison,NikitaKahn
larryellison,java
larryellison,Oracle
larryellison,BillGates
larryellison,OracleDatabase
larryellison,MichaelDell
larryellison,csaban
larryellison,PhillipsCE
LTarun,dragonfirerahul
dragonfirerahul,WhalePanda
dragonfirerahul,Bitfinexed
dragonfirerahul,ToneVays
dragonfirerahul,jimmysong
dragonfirerahul,Wes_03
dragonfirerahul,LMKMovieManiac
dragonfirerahul,ovksk
dragonfirerahul,HG2films
dragonfirerahul,1907Media
dragonfirerahul,Mohmq8
dragonfirerahul,Abdullaah_king
dragonfirerahul,BA_Yildirim
dragonfirerahul,iamstaxmuzik
dragonfirerahul,Unimedam
dragonfirerahul,KFMQ8
dragonfirerahul,Thadudej_
dragonfirerahul,1903Statistic
dragonfirerahul,insan_honey
dragonfirerahul,Fuzi_N_
dragonfirerahul,DemirayBjk1903
LTarun,Oracle
Oracle,NeilCattermull
Oracle,lindner_juergen
Oracle,CalebCurry
Oracle,SailGP
Oracle,SailGPAUS
Oracle,SailGPFRA
Oracle,SailGPJPN
Oracle,SailGPUSA
Oracle,WITI
Oracle,IBM
Oracle,isedouwes
Oracle,SFGiants
Oracle,OracleDataCloud
Oracle,GirlGeekX
Oracle,BloombergLive
Oracle,OracleParkSF
Oracle,rupalshah1011
Oracle,worldbeeproject
Oracle,EABoettch
Oracle,OracleDevsLA
LTarun,Sai_Pallavi92
Sai_Pallavi92,Suriya_offl
Sai_Pallavi92,selvaraghavan
Sai_Pallavi92,RJ_Balaji
Sai_Pallavi92,directormbalaji
Sai_Pallavi92,dhanushkraja
Sai_Pallavi92,IAmVarunTej
Sai_Pallavi92,ayushmannk
Sai_Pallavi92,EmmaWatson
Sai_Pallavi92,taylorswift13
Sai_Pallavi92,TheEllenShow
Sai_Pallavi92,Actor_Vivek
Sai_Pallavi92,IAMVIJAYYESUDAS
Sai_Pallavi92,arrahman
Sai_Pallavi92,dulQuer
Sai_Pallavi92,actorramya
Sai_Pallavi92,RajeshRadio
LTarun,shweta_official
shweta_official,vkaao
shweta_official,R_Khanna
shweta_official,ayushmannk
shweta_official,AbhayDeol
shweta_official,nofilmschool
shweta_official,FilmHistoryPic
shweta_official,TripathiiPankaj
shweta_official,CinemaRareIN
shweta_official,BajpayeeManoj
shweta_official,ShankarAnoushka
shweta_official,maithilithakur
shweta_official,AOC
shweta_official,SOIMumbai
shweta_official,HRDMinistry
shweta_official,MinistryWCD
shweta_official,StanleyKubrick
shweta_official,MinOfCultureGoI
shweta_official,VintageMuVyz
shweta_official,NorahJones
shweta_official,EllaFitzgerald
LTarun,MsKajalAggarwal
MsKajalAggarwal,neerajroy
MsKajalAggarwal,IAA_India
MsKajalAggarwal,ashishbhasin1
MsKajalAggarwal,rameshnarayan
MsKajalAggarwal,skswamy
MsKajalAggarwal,mtata0503
MsKajalAggarwal,rajeshlalwani
MsKajalAggarwal,GulshanGroverGG
MsKajalAggarwal,_SanjayGupta
MsKajalAggarwal,TVMohandasPai
MsKajalAggarwal,SamyukthaHegde
MsKajalAggarwal,McKinsey
MsKajalAggarwal,TheLeapMan
MsKajalAggarwal,iVishnuManchu
MsKajalAggarwal,therealrussellp
MsKajalAggarwal,IshitaYadav
MsKajalAggarwal,pradeeponelife
MsKajalAggarwal,riteshbatra
MsKajalAggarwal,chrissyteigen
MsKajalAggarwal,actor_jayamravi
LTarun,Rakulpreet
Rakulpreet,tplsport
Rakulpreet,RonnieScrewvala
Rakulpreet,ikamalhaasan
Rakulpreet,YourStoryCo
Rakulpreet,ladasingh
Rakulpreet,mehtahansal
Rakulpreet,TheDeverakonda
Rakulpreet,rohitkhilnani
Rakulpreet,rahulkanwal
Rakulpreet,RajeevMasand
Rakulpreet,ronnielahiri
Rakulpreet,sonamakapoor
Rakulpreet,anupamachopra
Rakulpreet,LuvFilms
Rakulpreet,raedita
Rakulpreet,AnandiArtsOffl
Rakulpreet,realpreityzinta
Rakulpreet,HELLOmagIndia
Rakulpreet,arjunk26
Rakulpreet,therealkapildev
LTarun,JanaSenaParty
JanaSenaParty,PawanKalyan
LTarun,AadhiHyper
AadhiHyper,JSPAksharamala
AadhiHyper,JSPTelangana
AadhiHyper,JSPWhatsappSena
AadhiHyper,JanaSenaBSU
AadhiHyper,PKCreativeWorks
AadhiHyper,TrendPSPK
AadhiHyper,SadhguruJV
AadhiHyper,VishalKOfficial
AadhiHyper,SriSri
AadhiHyper,ncbn
AadhiHyper,KeerthyOfficial
AadhiHyper,MadonnaSebast14
AadhiHyper,SunnyLeone
AadhiHyper,tomhanks
AadhiHyper,sriyareddy
AadhiHyper,itsRajTarun
AadhiHyper,Premgiamaren
AadhiHyper,EyeOfJackieChan
AadhiHyper,ReginaCassandra
AadhiHyper,vp_offl
LTarun,krupashanker
krupashanker,AmitNair007
krupashanker,HIMANSH23458624
krupashanker,Mayur86891939
krupashanker,hmshah1212
krupashanker,Saajal17
krupashanker,MinOfCultureGoI
krupashanker,ASIGoI
krupashanker,AsiaIndex69
krupashanker,revengerpapumen
krupashanker,Ola_Tala_
krupashanker,viksa_bhartiy
krupashanker,SrinivasNandam3
krupashanker,adalva
krupashanker,JasonHuebinger
krupashanker,1BigLiar
krupashanker,KVS120399
krupashanker,Utkarsh_Message
krupashanker,ajaymarathe9
krupashanker,DhruvkumarV
krupashanker,steveolsher
